"GUID","Range","DOC","DOC.1","RotorRadius","CruiseSpeed","BatteryMass","MotorMass","MaxTakeOffMass"
7,10,30.4311653225421,3.04311653225421,0.889170847858946,45.5,122.714452843566,35.8707186042275,537.400057607069
7,20,37.703604219241,1.88518021096205,0.884595282783731,45.5,151.194996527548,39.2044817605582,578.306622021791
